Snake Eyes,Cat Eyes,Them Eyes,Fish Eyes,Come Hither Look,,,,,,,,,,,,,,,,,
,,,,,,,,,,,,,,,,,,,,,
Klutz,Gumshoe,Tony Robbin',Con Artist,Modern Racist,Uneducated Leader,Blushing Bridezilla,Shyster,Gameshow Ghost,Wrong Sided Lighting Man,Big Mistake,Stan Face,,Horny Feminist,Face of Evil,Game Master 1,Game Master 2,,,,,
,,,,,,,,,,,,,,,,,,,,,
All Man,Twice a Man,Man's Man,Half a Man,Other Half a Man,Con Man,,,,,,,,,,,,,,,,
,,,,,,,,,,,,,,,,,,,,,
Reverse Santa,Serial Dater,Fashion Police,Baby with Candy,Officer Down,Crooked Tax Man,Harsh Competitaur,Obvious Toupee,Foot Face,Hell Water Screamer Child,,,,,,,,,,,,
,,,,,,,,,,,,,,,,,,,,,
Sneaky Raccoon,Bwognee,White Rabbit,Nest,Dumb Duck,Helmet Cat,Snake Plane,Flying Shark,Nude Rabbit,Unwise Owl,Clear Bear,Sleepwalking Dog,Pirrate,Snail Face,Hulk Maniac Bear,Sickly Seagull,Heavy Hen,Screaming Chimp,,,,
,,,,,,,,,,,,,,,,,,,,,
Inviting Ghost,Frosty Bitch,Ghost Fossil,Lightning Hand,Wuvy Duvy,Homeless Phantom,Zompire,Hallucinatory Dynamo,Mysterious Amulet,,,,,,,,,,,,,
,,,,,,,,,,,,,,,,,,,,,
Tailish,Insincere Smile,Plus Dog,Hard No,Big Up,Charming Snake,Towel Whipping Tentacle,Rose Thorn,Ugly Genie,Blob Head,Green Spider,Male Sperm,Male Sperm on Wheels,Pittsburgh,Allergy Plant,Super Small Poisonous Bug,Pituitary Gland,Wall Flies,Trans Fatty Acid,Fatty Acid,Crystal Jerk,L'ove
,,,,,,,,,,,,,,,,,,,,,
Broken Dancer,Kisswalker,Terrible Envy,Dark Card,Hot Chick,Murder of Crows,People Person,Codependent Leech,Strict Space Man,X-Ray Woman,Popular Car,Uninformed Punk,Black Paw,Chaotic Act,Screeching Pet,5 O'clock Shadow,Glitter Guy,Nowhere Man,,,,
,,,,,,,,,,,,,,,,,,,,,
Medikit,Yellow Socks,Strange Glasses,Bucket of Chaos,Comically Large Red X,Sharp Orb,Way Spinner,Shock Art,Meteorite,Hot Can,Scroll,Disk 1,Disk 2,Influential Album,Super Ugly Sweater,Awful Shirt,Toy Noisemaker,Participation Ribbon,Door Number Three,Cult Sneaker,Fun Bucks,Noosiance
,,,,,,,,,,,,,,,,,,,,,
Book of P or Political Agenda,Poetic Justice,Cult Codex,Giant Rule Book,Plan B,Mediocrity Subscription,Bad News,Boys Handbook,The Meaning of Life,,,,,,,,,,,,,
,,,,,,,,,,,,,,,,,,,,,
Alive Red Balloon Friend,French Horn Slug,Talking Key,Devil Bulb,Dunce Cap,Bad Haircut,Dying Tooth,Gloria Hammerstein,Lonesome Shoe,Hatitude,,,,,,,,,,,,
,,,,,,,,,,,,,,,,,,,,,
Ball 1,Elf Sphere,Satanic Orb,Big Triple Eye,Yellow Snowball,Black Baller,Ball of Madness,Alarm Bell,Brain Ball,Stink Eye,,,,,,,,,,,,
,,,,,,,,,,,,,,,,,,,,,
Roboto,Vending Machine,Senior Randomizer,Helicopter Parent,Emotional Dump Truck,Spider Cam,Error Repeater,Walking Talkie,Rejected Prototype,Money Shredder,Hard Metal Reflector Plate,Rocket Hammer,,,,,,,,,,
,,,,,,,,,,,,,,,,,,,,,
Potion,Mind Medicine,Brainwash,Intense Cologne,Know It All,Ugly Bottle,Rapid Aging,Bottled Up Feelings,,,,,,,,,,,,,,
,,,,,,,,,,,,,,,,,,,,,
Ipecac,Snake Oil,Liquid Hole,Wet Cement,Poison Spazzy Cola,Red Town Paint,Seemingly Shallow Puddle,Sticky Situation,Instant Shame Spray,,,,,,,,,,,,,
,,,,,,,,,,,,,,,,,,,,,
Sugar Crash,Not Avocado Sandwich,All-Seeing Latte,T Guy Steak,Accurate Fortune Cookie,Bran,Painscription,Glass of White,Swill,Tea Time,Second Hand Smoke,Blobburger,Super Sugar Cube,,,,,,,,,
,,,,,,,,,,,,,,,,,,,,,
Purple Flutter Bomb,3-Shooter,Spikes Up,,,,,,,,,,,,,,,,,,,
,,,,,,,,,,,,,,,,,,,,,
Leverage Crank,Red TapeDouble-Sided ,File 13,Secret Handshake,Mooching Glove,Ancient Python Dispenser,,,,,,,,,,,,,,,,
,,,,,,,,,,,,,,,,,,,,,
Pink Lunchbox,Guilt Trip,Mysterious Briefcase,Crystal Music Box,,,,,,,,,,,,,,,,,,
,,,,,,,,,,,,,,,,,,,,,
Hospital,Dreamboat,Cube,,,,,,,,,,,,,,,,,,,
,,,,,,,,,,,,,,,,,,,,,
Beast 1,Beast 2,Beast 3,Beast 4,Beast 5,Beast 6,Beast 7,Star of Acid,,,,,,,,,,,,,,
,,,,,,,,,,,,,,,,,,,,,
Impending Doom,Vulnerable Feeling,Rock Bottom,Overwhelming Feeling,Depressive Haze,Glitter Cloud,Altruism,Near Death Experience,,,,,,,,,,,,,,
,,,,,,,,,,,,,,,,,,,,,
Nanny State,Arrow Swarm,Queen Arrow,Zeitgeist,,,,,,,,,,,,,,,,,,
,,,,,,,,,,,,,,,,,,,,,
Q,,,,,,,,,,,,,,,,,,,,,
